x,y
Earth s Edge Knowledge,Sport
Spectrum Collections We Design the Tools,Beauty
DJ Equipment Lighting Controllers Speakers DJ Software AUDIO Amplifiers Beatmachines Cables Wiring Cartridges Cases Racks CD Players CD Recorders Audio Compressors Crossovers Digital DJ Gear DJ Tools Equalizers Gear Rental Headphones Audio Installation Karaoke Keyboards Microphones MIDI Controllers Mixers Needles Packages Power Conditioners Production Packs Samplers Software Software Controllers Sonic Maximizers Sound Cards Sound Effects Speakers Turntables Video Gear New Arrivals Blog LIGHTING  Beacons Black Lights Bubble Machines Centerpiece Effects Clamps Flame Lights Fog Machines Fog Juice Follow Spots Gobo Projectors Intelligent Lighting Light Bags LED Lights Lasers Lighting Controllers Light Packages Mirror Balls Par Cans Party Accessories Pinspots Rope Lights Spare Bulbs Stands Trussing Strobe Lights DJ AUDIO Amplifiers Beatmachines Cables Wiring Cartridges Cases Racks CD Players CD Recorders Audio Compressors Crossovers Digital DJ Gear DJ Tools Equalizers Headphones Gear Rental,Consumer Goods
Caring Optometrists Serving Clarkston,Health
LEGO Stores Play Zone Home Shop Learn more Help VIPM Account Wishlist My bag Australia Shop Sets by Topic By Age By Price LEGO Goods Interests Pick and Build Exclusive News Bestsellers Home Accessories Offers and Discounts Coming Soon Last Chance to Buy Shop Sets by Theme Architecture Batman Brick Headz Brick Sketches City Classic Creator in Creator Expert DCDisney DOTSDUPLO Friends Harry Potter Ideas Jurassic World LEGO Art LEGO Avatar LEGO Education LEGO Icons LEGO Super Mario Lord of the Rings New Marvel MINDSTORMS Minecraft Minifigures Minions Monkie Kid NINJAGO Powered UPSERIOUS PLAY Speed Champions Spider Man Star Wars Technic VIDIYO Xtra View All Topicsobch By Age VIEW ALL AGESBy price Under CZK CZK CZK CZK CZK CZK Above CZKnunciation SHOW ALL PRICE LEVELSLEGO GOODSAccessories Backpacks and lunch boxes Books Key chains Plush toys Bags Puzzle & Board Games Costumes & Role-Playing Games Stationery Storage SEE ALL PRODUCTS  LEGOObchod J,Children
Men s,Fashion
Salesforce The Customer Company Salesforce EMEA Skip to content Deliver success now with Salesforce Customer See how our suite of products and services helps of customers meet or exceed their ROI goals Start my free trial WATCH DEMOS What s new at Salesforce Salesforce Genie Demo Introducing Salesforce Genie,Digital Services
Instagram,Groceries
Home TESLA investiční společnost,Investments
Walgreens Pharmacy N MICHIGAN AVE,Drugstore
mint mobile Search Google If not redirected in a few seconds,Bills And Household
Grand Value Pharmacy Detroit,Drugstore
Pet Center en Login to your account You cannot fill in this field Log in New registration Forgot password Continue to cart Customer support Info Petcenter CZ Customer Support Prices in CZK CZKEUR Login Search Shopping Cart Empty Cart Dogs Food Granules,Pets
"Alza cz fast and convenient shopping from anywhere Alza cz Alza Use the ALZADNY or ALZADNY code for selected appliances That's what I want Action leaflet More Work EFFICIENTLY Be FASTER Do it CALMLY On Mac it goes more Granules in Alza Boxes Order bags of all sizes More See more offers With Alza Plus, we will deliver your order free of charge Do not look for goods in shops",Shopping Online
Sirius investment company Please wait Investment approach About us Reserva Alpha Activist Danube For investors My investment Career Investment approach About us Reserva Alpha Activist Danube For investors My investment Career Investment approach About us Reserva Alpha Activist Danube For investors My investments Careers Alternative investment opportunities as a solution for low interest income English Investment approach What we do Alternative investments still play in the portfolios of modern investors  a more prominent role,Investments
Internet branch Berliner Sparkasse Private customers Corporate clients Products Consulting Service Center Advisor Your savings bank Back More Close Search Close All topics Products Back Products Online and Mobile Banking Back Online and Mobile Banking Overview push TAN Procedure App Sparkasse Apps Overview Help Internet security giropay Phone Banking Current Account Back Current Account Overview Giro Digital Giro Individual Giro Flat Rate Young Account Start Account Sparkassen Card Debit Card  Basic Account Card Products Back Card Products Overview Visa Card Credit Card Visa Card Gold Credit Card Visa Card Basic Debit Card Savings Banks Card Debit Card Loans and Financing Back Loans and Financing Overview Installment loan from account transactions S Personal loan S Car loan Real estate financing S Personal loan Plus for owners Disposition credit Student loan Saving and investing Back Saving and investing Overview Call money account Deka Fund Savings Plan Plus Save PS Save and  Profits,Atm
Payments and financial technology solutions provider Business segments Electronic Funds Transfer epay Money Transfer Solutions Ren Dandelion Company About Us Our Locations Our Leadership Careers Contact Us News For Investors Overview Corporate Governance Executive Management Board of Directors Contact the Board Committee Composition Documents Charters Financial News Events Presentations Financial Information Overview Annual Reports Quarterly Results SEC Filings ESG Stock Information Stock Quote Chart Historic Stock Lookup Investment Calculator Analyst Coverage Contact Investor Relations We move money in all the ways the world depends upon Through Our Segments Through Our Solutions We are a leading financial technology solutions and payments provider billion total revenue Our technology connects the world through financial participation countries and territories served We empower everyone to engage in the global economy through fast,Atm
UPLIFT Desk Office Furniture that Benefits You Save up to Sale ends Love Yourself Sale Save up to Sale ends See all deals Best Standing Desk Wirecutter,Shopping Online
CVS com is not available to customers or patients who are located outside of the United States or U S territories We apologize for any inconvenience For U S military personnel permanently assigned or on temporary duty overseas,Drugstore
Carnegie Sargents Pharmacy Chicago Drugstore Search Products Cart is empty View Cart Subtotal Water Tower Place,Drugstore
Balenciaga Official Online Boutique CZ Skip to main content Menu Search What are you looking for NEW ARRIVALS NEW ARRIVALS WOMEN NEW ARRIVALS MEN SUMMER Women Men SPRING Women Men XL GARDE ROBE ADIDAS GIFT SHOP For women For men Best Sellers Objects Live chat Our Client Advisors are available Our Client Advisors are currently not available Call us Mo Sa am pm Whatsapp Mon Sat am pm Email us WOMEN DISCOVER Summer Garde Robe Le Cagole Knife BB Monogram Crush Kids READY TO WEAR adidas New arrivals Garde Robe View all Coats Jackets Sweatshirts Hoodies T shirts Knitwear Tops Shirts Dresses Skirts Pants Activewear Underwear SHOES adidas New arrivals Best sellers View all Sneakers Boots Ankle Boots Pumps Heels Sandals Mules XL Stan Smith Cagole Knife Crocs Speed Runner Triple S Track Defender BAGS adidas New arrivals Best sellers View all Handbags Shoulder bags Mini bags Chain bags Tote bags Hourglass Le Cagole Crush Neo Classic Downtown Bistro SMALL LEATHER GOODS View all Wallets on chain W,Fashion
Order Online You need to enable Java Script to run this app ,Groceries
Jeffree Star Cosmetics Jeffree Star Cosmetics Jeffree Star Skin Jeffree Star Pets Shop Skincare Anniversary Special Gift Cards My Account Contact Us Store Locator Search Search submit Menu toggle Toggle Cart SEARCH FOR Close search Products Sorry,Beauty
JLo Beauty Introducing JLO Body DAILY GLOW ESSENTIALS SHOP NOW FREE STANDARD SHIPPING ON ORDERS Beauty That JLo Deluxe Kit Your all in one skincare routine SHOP NOW THAT OVERNIGHT HUSTLE AHA BHA RESURFACER THAT JLO GLOW SERUM THAT BLOCKBUSTER HYDRATING CREAM THAT HIT SINGLE GEL CREAM CLEANSER THAT STAR FILTER COMPLEXION BOOSTER THAT FRESH TAKE EYE CREAM THAT BIG SCREEN BROAD SPECTRUM SPF MOISTURIZER THAT LIMITLESS GLOW SHEET MASK THAT INNER LOVE DIETARY SUPPLEMENT SHOP ALL Body JLo Body New transformative skincare for your body SHOP NOW THE ULTIMATE BODY TRIO ULTIMATE BODY SERUM HYDRATING BODY CREAM TARGETED BOOTY BALM Tighten Tease ULTIMATE BODY SERUM FIRM FLAUNT TARGETED BOOTY BALM Smooth Seduce HYDRATING BODY CREAM SHOP ALL About THE MAKING OF JLO BEAUTY THE MAKING OF JLO BODY Press Shopping Cart Item s Free Standard Shipping on Orders YOUR SHOPPING CART IS CURRENTLY EMPTY Click here to shop Search Catalog Search Beauty Shop All That JLo Deluxe Kit Your all in one skincare routine ,Beauty
Louisiana Waste Systems Louisiana Waste Systems Have Question Contact Us Search for Search Home About Us Services Quote LWS Tips Account Access Contact Us SEARCH LEARN MORE WATCH VIDEO WE ARE HERE TO ANSWER ANY QUESTION YOU HAVE FOR US NEED SUPPORT NOW CONTACT ONLINE SUPPORT LEARN MORE WATCH VIDEO AND WITH OUR LOW PRICES,Bills And Household
Doe Beauty Korean Silk Lashes for Everyday Comfort Mystery Sale Shop All False Lashes Neo Magnetic Lashes Best Sellers Bundles Accessories Merch Find Your Perfect Lash Style Track Order Rewards More About Deer Blog Reviews FAQ Lash Tutorial Care Instructions Lash Style Guide Your Cart free Shipping Msg cart Error item product_title item variant_title Delivers sale Plan item variant_title item quantity subscription Product Price price to Fixed subscription Product Price final Price to Fixed shopify Price compare At Price shopify Price price orig Price final Price Your cart is currently empty up Sell Text product title product price Add to cart Continue shopping Subtotal total Checkout now and earn Doe Bucks towards your rewards account Checkout Experience the doe difference Shop from any one of our best selling lash collections and see what all the buzz is about Shop Now FREE SHIPPING on orders Fairy Starter Pack product details FREE US SHIPPING FOR BUNDLE ORDERSThe Fairy Starter Pack is a curated bundle,Beauty
 PURE Organic Natural Beauty Products To redeem your Purist Perks in the mobile app,Beauty
Fenty Beauty by Rihanna Beauty for All Fenty Beauty Fenty Skin Skip To Main Content Logo Rihanna Rihanna Rihanna s Iconic Halftime Show Look Rihanna s British Vogue Cover Rihanna s Game Day Press Conference Look Rihanna s Golden Globe Awards Look Rihanna s Purple Carpet Look Rihanna Videos Shop Rihanna s Faves New Bestsellers New Bestsellers Shop New Shop Bestsellers Lip Library Game Day Collection New Fenty Icon Velvet Liquid Lipstick New Birthday Bo Behavior Piece Bundle New Fenty Icon Red Collection The Fenty Face New Come Correct Skin Perfecting Bundle Limited Edition The Navy Collection Exclusive Fenty Eau de Parfum Scarf Wrap Set Bestselling Pro Filt r Foundation Shop All Makeup Face Face Shop All Face Foundation Prime Set Concealer Corrector Powder Contour Blotting Blush Bronzer Highlighter Brushes Tools The Fenty Face Lip Lip Shop All Lip Lip Library Lip Gloss Lip Stain Lipstick Fenty Icon Lip Balm Treatment Learn More About The Fenty Icon Case Eye Eye Shop All Eye Brow Eyesha,Beauty
Ponytail Extensions Hair Extensions Insert Name Here Skip to content Off Last Call Off Collabs Use Code ADIOS SHOP ALL SHOP ALL BEST SELLERS PONYTAIL EXTENSIONS EXTENSIONS EXTENSIONS Half Up Half Down U Clip Clip In Hair Extensions SHOP ALL HAIR CARE HOT TOOLS CLIP IN BUNS CLIP IN BANGS TRENDING ACCESSORIES WIGS HAIR COLOR BUNDLES SALES OFFERS COLLABS COLLABS Barbie Lexie Davis Bratz Raye Raye Hello Kitty Liane V SALE Ponytail Extensions Extensions Hot Tools Haircare Quizzes Blog Referral Program FAQs Log in Twitter Facebook Pinterest Instagram Tik Tok You Tube SHOP ALL BEST SELLERS PONYTAIL EXTENSIONS EXTENSIONS Half Up Half Down U Clip Clip In Hair Extensions SHOP ALL HAIR CARE HOT TOOLS CLIP IN BUNS CLIP IN BANGS TRENDING ACCESSORIES WIGS HAIR COLOR BUNDLES SALES OFFERS COLLABS Barbie Lexie Davis Bratz Raye Raye Hello Kitty Liane V SALE Ponytail Extensions Extensions Hot Tools Haircare Quizzes Blog Search Cart Check out Continue shopping Close panel Close panel YOUR CART You re away fr,Beauty
Shop Colour Pop Skip to main content Free Domestic Shipping on orders over Free International Shipping on orders over Sale Up to Off Open Navigation Menu Close Search Bar Open search bar USD AUD R BRL CAD CLP EUR GBP ILS JPY MXN SGD USD AUD R BRL CAD CLP EUR GBP ILS JPY MXN SGD My Account My Account Order History My Wishlist Beauty Profile View Side Cart New New Now New Arrivals Trending Now Neutral Must Haves Colour Pop for Target Hair Colour Most Wanted Collections Snow White Winx Club Once and Flor Al Spring Collection Harry Potter Snow White x Colour Pop Jelly Much Shadows Best Sellers Best of Colour Pop Best Selling Palettes Best Selling Eyes Best Selling Lips Best Selling Face Build Your Own Palette Back In Stock OG Favorite Super Shock Shadows Value Sets Palette Refills Super Shock Shadows Value Sets Palettes Eyes Eye Sets Super Shock Shadow Pressed Powder Shadow Jelly Much Shadow Colour Stix Eyeliner Brow Mascara False Lashes Makeup Brushes Find Your Perfect Brow Lips Best Selling,Beauty
Soko Glam Korean Skin Care,Beauty
All Products Muddy Body Skip to main content FREE Domestic Shipping on orders over WORLDWIDE SHIPPING AVAILABLE Home Shop All Products Clay Masks Cleansers Oils Accessories Bundles Blog About Us Search Account Cart Home Shop Back Shop All Products Clay Masks Cleansers Oils Accessories Bundles Blog About Us Home Shop All Products Clay Masks Cleansers Oils Accessories Bundles Blog About Us Search Account Cart All Products Learn more sort by refine refine sort by clear all browse collections Accessories All All Products Bundles Bundles Clay Masks Clay Masks Cleansers Founders Collection Gifts Under Gifts Under Hair Care Homepage Collection Mini Clay Masks Muddy Monthly Oils Skin Rituals The Clean Girl Skin Routine Valentines Gifts sort by Featured Best selling Alphabetically,Beauty
ella mila professional nail polish,Beauty
Fragrances Wakeheart Skip to content FREE U S SHIPPING ON ORDERS Shop All Shop All All Products Best Sellers Bundle Save Accessories Fragrances Gift Card Candles Candles Shop All Candles Votive Gift Set Paradise Dreams The Intentions Collection Gratitude Essentials Pumpkin Spice Donut Friend Let s Talk Northern Lights In the Feels Crystal Candles The Culpos x Wakeheart Merrell Twins x Wakeheart Bundle Save Take the Scent Quiz Log in Twitter Facebook Instagram Shop All All Products Best Sellers Bundle Save Accessories Fragrances Gift Card Candles Shop All Candles Votive Gift Set Paradise Dreams The Intentions Collection Gratitude Essentials Pumpkin Spice Donut Friend Let s Talk Northern Lights In the Feels Crystal Candles The Culpos x Wakeheart Merrell Twins x Wakeheart Bundle Save Take the Scent Quiz Search Cart Check out Continue shopping Close panel Close panel YOUR CART You re away from free shipping You Just Got Free Shipping Your cart is empty Continue shopping Have an account Lo,Beauty
Function of Beauty,Beauty
Skin Ca Get Beast com twitter facebook google plus instagram pinterest rss tumblr vimeo youtube arrow bottom arrow right arrow left arrow top cross search user cart minus plus arrow right comment sale amazon payments amex bitcoin discover google wallet jcb mastercard paypal stripe visa diners club maestro ENJOY FREE SHIPPING TO CANADA ON ORDERS OVER Open menu Shop All Products Bottle Refills Shower Skin Care On Sale Get Contact Us Skip to navigation Skip to main content Skip to footer Login Register Help Cart Shop All Bottle Refills Shower Skin Care On Sale Get Home Skin products Skin Featured Best selling Alphabetically,Beauty
Eastbrook Atm Chase Bank Skip to content Expand header menu Close expanded menu Submit a Search Enter search Clear Search Home Sign In Free credit score News Stories Español Open an account Credit cards Checking Accounts Savings Accounts CDCar Buying Loans Mortgage Home Equity Investing Chase for Business Commercial Banking See all resources in our sitemap Connect With Chase Customer Service Schedule a meeting Find ATM branch About Chase J P Morgan JPMorgan Chase Co Media Center Careers Chase Canada SAFE Act Chase Mortgage Loan Originators Fair Lending Open an account ATM branch Español Sign In to chaseonline Expand search bar Submit a Search Enter search Clear Search Credit cards Checking Accounts Savings Accounts CDCar Buying Loans Mortgage Home Equity Chase for Business Commercial Banking See all resources in our sitemap Return to Nav Find a Chase ATM or branch near you Search Michigan Grand Rapids Eastbrook Atm Please enter a ZIP code,Atm
Glossier Free Shipping on orders Shop All Bestsellers Skincare Makeup Body Fragrance Balms Sets Kits Glossi WEAR Digital Gift Card Into the Gloss About Glossier Shipping to United States Canada en Canada fr United Kingdom Ireland Sweden Denmark France Forgot your password We will send you an email to reset your password Email Address Reset your password Back to log in Login Email Address Password Forgot your password Sign in Create account Shop All Featured Balm Dotcom universal salve Balm Dotcom Trio choose three balms Boy Brow Balm Dotcom Futuredew brow groomer balm oil serum hybrid Cloud Paint Duo pick two blushes Ultralip hydrating shine color Glossier You eau de parfum View All Bestsellers Featured Boy Brow grooming pomade Cloud Paint seamless cheek color Lash Slick film form mascara Glossier You eau de parfum Ultralip hydrating shine color Milky Jelly Cleanser conditioning face wash View All Skincare Featured Priming Moisturizer Rich luxurious face cream Milky Jelly Cleanser cond,Beauty
Skip to content Search My Account Cart SHOP Best Seller Wash Go System Step Travel Size Step Hair Tools Growth Serum Shampoo Step Conditioner Step Moisturizer Step Flaxseed Gel Step Curl Mix Fresh VIP STORE LIMITED STOCK CLIQUE STORE LIMITED STOCK CLEARANCE JOIN MASTERCLASS JOIN VIP REFER A FRIEND REWARDS JOIN VIP BUY SPOONS BUY GIFT CARDS VIP STORE LIMITED STOCK REVIEWS LOGIN Quiz My Account Search Cart SHOP Show menu Exit menu SHOP Best Seller Wash Go System Step Travel Size Step Hair Tools Growth Serum Shampoo Step Conditioner Step Moisturizer Step Flaxseed Gel Step Curl Mix Fresh VIP STORE LIMITED STOCK CLIQUE STORE LIMITED STOCK CLEARANCE JOIN MASTERCLASS JOIN VIP Show menu Exit menu JOIN VIP REFER A FRIEND REWARDS JOIN VIP BUY SPOONS BUY GIFT CARDS VIP STORE LIMITED STOCK REVIEWS LOGIN Quiz Instagram Pinterest Facebook Twitter You Tube Tik Tok Linkedin Access Denied IMPORTANT If you re a store owner,Beauty
Bath Sponges,Beauty
Natural Beauty Products Organic Beauty Skin Care Green People UK Skip to content Search Skin By product Cleanser face wash Moisturiser Moisturiser with SPF Tinted moisturiser Serum Eye cream Facial oil Exfoliator face scrub Face mask Beauty tools accessories Beauty supplement Gifts gift vouchers View All By skin need Sensitive skin Anti ageing Rosacea Dry skin Combination skin Spots acne Eczema psoriasis Dark circles puffy eyes Fine lines wrinkles Hyperpigmentation Brightening By range Nordic Roots Scent Free Age Defy Oy Teenage Green People for Men Featured What s trending Newest launches Travel size skin care Menopausal skin Vegan skin care Samples naturaltanningdrops Shop now Hair By product Shampoo Conditioner Styling View All By hair need Dry hair Coloured damaged hair Frizzy hair Itchy scalp dandruff Sensitive scalp Oily hair By range Scent Free Organic Babies Organic Children Green People for Men Featured Quinoa hair care Travel size hair care Vegan hair care Samples for ahappi,Beauty
Thumb Electric Cooperative Home My Account Online Bill Pay Meter Reading Smart Hub App Automatic Payment Plans Understanding Your Electric Bill Appliance Energy Usage Worksheet Payment Assistance Storm Center Report an Outage Outage Map Storm Preparation How To Report an Outage Restoration Process Repair Responsibilities Storm FAQ Safety Electrical Safety Safety Videos Cyber Security TEC Programs Fiber Internet Service Rebates Energy Waste Reduction Free Services Loans Heating Air Conditioning RENEWABLE PROGRAMS TESC Services LP Gas Home Electronics Protection Program Prospective Members Prospective Member Information About TEC Contact Location Board of Directors Your Membership Annual Membership Meeting TEC History Country Lines Newsletter Bill Inserts Tree Trimming Rural Development ACRE PAC Affiliations BYLAWS Statement of Nondiscrimination Michigan Cooperative Legislative Guide DTE TEC Solar Project Job Opportunities Photo Contest Rates TEC Rates for Electrical Service Rate Compari,Bills And Household
Home Consumers Energy Login Log In User ID Forgot User ID Password Forgot Password Caps Lock is on This may cause you to enter password incorrectly Show password Log In Keep me logged in Details Don t have an account Create a Profile Quick Links Pay Bill View Account Details Outage Center Start,Bills And Household
Gethsemane Garden Center Chicago s Largest Year Round Independent Garden Center About Hours Directions Contact Us Store Map Events Return Policy Delivery Services Covid Response Departments Annuals Custom Containers Perennials Houseplants Trees Shrubs Roses Herbs Vegetables Statuary Furniture Wild Pansy Gift Shop Home Decor Arrangements Gardening Basics Seeds and Bulbs Soil Amendments Resource Guide Seasonal Offerings Shop Gift Certificates Cart Checkout Home Store Hours AM PM Every Day Your cart is empty Go to Shop We re glad you re here We re a family owned and operated garden center located in the heart of Chicago s Andersonville neighborhood Proudly serving Chicago s gardening needs for almost forty years HOURS AM PM Every Day Plan your visit Employing within the Community Featuring Products Made in the USA On Site Parking Lot Delivery to Chicagoland Open Year Round Our Departments Gift Certificates Annuals Houseplants Trees Shrubs Perennials Roses Wild Pansy Gift Shop Home Decor ,House And Garden
City Escape Garden Center and Design Studio Chicago,House And Garden
Garden Store Greenhouse in Grand Rapids,House And Garden
Bank of America Walk Up ATM in Grand Rapids Leonard And Alpine Print location details and mapclose print window Skip to main content Personal Small Business Wealth Management Businesses Institutions About Us En español Contact Us Help Bank of America Login Login toggle menu Enroll in online banking Enroll in online banking Schedule an appointment Schedule an appointment Get the mobile and online banking app Help Help Find a Location Contact Us Contact Us Privacy Security Small Business Wealth Management Businesses Institutions Need help with home loan payments About Us En español Do more with the Mobile Banking app Set customizable alerts Snap a photo to deposit a check,Atm
Waste Disposal Trash Pickup Republic Services Welcome to Republic Services We ll handle it from here Republic Services,Bills And Household
Trash,Bills And Household
Marquette Board of Light and Power Emergency Wright Street Marquette,Bills And Household
T Mobile Official Site Get Even More Without Paying More T Mobile Sprint Merged to Give You More Skip to main content Skip to footer Log in Search Search Submit search query Close out of search Categories Suggestions Plans Plans Unlimited Phone Plans Unlimited Age Military Veterans First Responder Home Internet Plan Phones devices Phones devices Cell phones G phones Tablets Smartwatches Hotspots more Accessories Bring your own phone Deals Deals See all deals Apple Samsung One Plus Google REVVL Free Zero Down Phones Coverage Coverage Our network G G coverage map What is G Rural Small Towns Try our network G news Join Us Join Us What makes us different Benefits Block scam calls Travel How to switch Tech Gifts Ideas Find a store Contact support Contact support T MOBILE Check order status Help support Cart Search Search Submit search query Close out of search Categories Suggestions My account Log in Back to my account Bill pay Add a line Upgrade Check order status Ask the Community more fr,Bills And Household
Verizon Wireless,Bills And Household
Home Cherryland Electric Co op Skip to content Facebook Instagram Twitter You Tube Linked In Outage Center My Account Pay Now About About Cherryland Our Energy Co op Governance Events Electric Vehicles Drone Program Careers Member Services Billing Setting Up Service Energy Efficiency Rebates Renewable Energy Programs Capital Credits Community Programs Cherryland Cares Scholarships Youth Tour ACRESafety Community Presentations Business Support Blog Podcast Contact Search for Learn more about our proposed rate change Co op Energy Talk Podcast Stay Informed Learn More About Our Rebate Program It s Time To Breathe Easier Home Cherryland T Rebates For You From upgrading your clothes washer to recycling that old refrigerator,Bills And Household
 endif Hot Squishmallow Join our Team Toy Catalog Sign Up Building Block Toys Pause Frontpage Slideshow version Copyright by Joomla Works What s happening at Building Blocks OUR FAVORITE TOYS Green Toys Fire Plane Add to Cart Bashminton Add to Cart Poke A Dot Books Add to Cart Rainbow Super Soft Snuggly Blanket Add to Cart Rushing River Falls Water Play Table Add to Cart Dust Sweep Mop Add to Cart Chocolate Bar Super Soft Snuggly Blanket Add to Cart Q Ba Maze Rocket Set Add to Cart At Building Blocks Toy Store,Children
Shop online or visit our Chicago stores play toys books gifts,Children
M Toys Funko Pops,Children
Shop,Children
Unabridged Bookstore The Best Books Unabridged Skip to main content My Account Menu Main menu Welcome Store Info Events Event Calendar Book Clubs Browse Weekly Bestsellers Award Winners Newsletter Search Shopping cart There are no products in your shopping cart Items in the cart Items Total Search form Search Advanced Search Welcome to Unabridged Bookstore And Happy February Whether you re keeping cozy through winter or shopping for a lover this month,Consumer Goods
Bookstore Semicolon Bookstore Cart Sign In My Account Home Narrative About Shop Pre Order Events Community National Black Literacy Day Contact Back Press FAQ Shop for Books Here Back Shop FAQ s Purchase E Gift Cards Redeem E Gift Cards Order Book for In Store Pickup Buy Books Buy Audiobooks Bulk Ordering Check E Gift Card Balance Merch Open Books Chicago Book Drive Humble Design Book Drive Back The Unfortunates Preorder Journal of a Black Queer Nurse Preorder Everybody Come Alive Preorder Back Calendar School for Good Mothers Paperback Pilar Ramirez and the Curse of San Zenon Spades Workshop Monthly Book Club Drama Free Chaos Theory Book Conversation Moonrise Over New Jessup Back Clear The Shelves Donate Saturday Sips at Semicolon Sign In My Account Cart Home Narrative About Press FAQ Shop for Books Here Shop Shop FAQ s Purchase E Gift Cards Redeem E Gift Cards Order Book for In Store Pickup Buy Books Buy Audiobooks Bulk Ordering Check E Gift Card Balance Merch Open Books Chicago Book Dr,Consumer Goods
 Heaven Smoke Shop Tobacco Shop in Chicago Heaven Smoke Shop Get Quote Call now Get directions Testimonials Gallery Contact Heaven Smoke Shop Tobacco Shop in Chicago Opening at AMGet Quote Call Get directions Whats App Message Contact Us Find Table Make Appointment Place Order View Menu Testimonialsa month ago Flag as inappropriate Randomly stopped in with a buddy and was immediately greeted with a smile by the man working the counter Was seriously impressed with his customer service and knowledge which all made our stop here a truly memorable experience He also gave us an excellent deal price wise The shop itself has everything you would need and more Excellent selection,Consumer Goods
Albany Park Smoke Shop Tobacco Shop in Chicago Albany Park Smoke Shop Get Quote Call now Get directions Testimonials About us Gallery Contact Albany Park Smoke Shop Tobacco Shop in Chicago Opening at AMGet Quote Call Get directions Whats App Message Contact Us Find Table Make Appointment Place Order View Menu Testimonials months ago Flag as inappropriateamazing smoke shop always great service and KJ is so nice,Consumer Goods
themaryjanesshop com Mary Jane Smoke Shop Marry Janes Smoke Shop S Harlem,Consumer Goods
Gateway Newstand Convenience Store Franchise Home Skip to content For a franchise opportunity,Consumer Goods
City of Chicago Chicago Cultural Center Skip to main content An official website of the City of Chicago Here s how you know The gov means it s official Municipal government websites often end in gov or org Before sharing sensitive information,Culture
Best Buy Dearborn in Dearborn,Electronics
Epiphany Home Page Epiphany Center for the Arts Skip to content HOMEARTExhibitions Events Plan Your Visit Open Calls Sanctuary Doors Project The Courtyard Wall Mural ENTERTAINMENTUpcoming Shows Jazz Blues House Dance Spotlight on the Artist Immersive Chamber Music World Music Golden Hour Videos from Epiphany Livestreams Booking EVENTSPrivate Event Rental Weddings Corporate Golden Hour Art Events ABOUT USCafé Bar Menu Our Mission Recent News FAQCOVID Guidelines CONTACT USGeneral Contact Bookings Private Event Rental BUY TICKETSHOMEARTExhibitions Events Plan Your Visit Open Calls Sanctuary Doors Project The Courtyard Wall Mural ENTERTAINMENTUpcoming Shows Jazz Blues House Dance Spotlight on the Artist Immersive Chamber Music World Music Golden Hour Videos from Epiphany Livestreams Booking EVENTSPrivate Event Rental Weddings Corporate Golden Hour Art Events ABOUT USCafé Bar Menu Our Mission Recent News FAQCOVID Guidelines CONTACT USGeneral Contact Bookings Private Event Rental BUY TICKETSHOMEARTExhibitions Events Plan Your Visit Open Calls Sanctuar,Culture
Briar Street Theatre Latest Events and Tickets Chicago,Culture
Summit Financial Group Investments Financial Planning Adrian Michigan Menu HOME ABOUT INVESTMENTS INSURANCE CONTACT A SINGLE LOCATION FIRM EMPOWERING FAMILIES TOSAVE,Investments
Home Apollo Theater Chicago Skip to content Apollo Theater Chicago Home Productions Box Office Groups Directions Pre Paid Parking Health Protocols Neighborhood History Rental Info Contact Us Search for Call for Tickets Ticket Info boxoffice apollochicago com All Late Night Studio Theater Upcoming WBEZ Presents I Have Some Questions for You BACHELOR The Unauthorized Musical One Man Star Wars Trilogy Love Actually The Unauthorized Musical Parody Love Actually Be More Chill Black Lives Matter You ve Got a Friend A Fundraising Cabaret Chicago s Beautiful Lincoln Park Apollo Studio Late Night Schedule Late Night,Culture
AMC River East Due to a national coin shortage,Culture
Chi Town Movies Skip to Content Home Open Menu Close Menu Home Open Menu Close Menu Home An incredibly fun and safe experience every night at Chi Town Movies Enjoy blockbuster and classic movies under the stars at our drive in located at S Throop St in Chicago s Pilsen Neighborhood Order food and beverages from Chi Town Grille We will deliver delicious popcorn,Culture
Chicago Web Design Digital Marketing Agency Solid Digital Skip to content Solid Digital,Digital Services
Get found in more local searches Search Lab Digital Local SEO PPC PPC Advertising PPC Consulting About About Search Lab Meet Our Executive Team Job Openings Agency Partnerships Videos Local Search Tuesdays Suds and Search Blog Contact Get found in more local searches Your business is unique You need a unique digital marketing partner People in your area are searching for your product or service They want what you re selling There s more traffic potential from Google search both organic and paid than every other channel put together What are you doing to get that traffic Why isn t your website dominating local search results We help local businesses grow We re experts in Local SEO so you don t have to be If you re a business with a physical location,Digital Services
Connecting the World to Wellness Mindbody Skip to main content Get the app For Everyone Find your new favorite sweat,Digital Services
Heyden Pharmacy Heyden Pharmacy Home Services About Us Contact Us Covid FYIMore Home Services About Us Contact Us Covid FYIHeyden Pharmacy Home Services About Us Contact Us Covid FYI Living Your Best Life Living Your Best Life Living Your Best Life Living Your Best Life Living Your Best Life Get started on the path to health Urgent Corona Virus Update Living Your Best Life Living Your Best Life Living Your Best Life Living Your Best Life Living Your Best Life Get started on the path to health Urgent Corona Virus Update Welcome The Art and Science of Good Health Heyden Pharmacy,Drugstore
Apple Apple Apple Store Maci Padi Phone Watch Air Pods TV Home Entertainment Accessories Support Get in credit toward an i Phone when you trade in an i Phone or newer Shop i Phone i Phone Pro Pro Beyond Learn more Buy i Phone Big and bigger Learn more Buy Creativity and community Woven together Explore the new Black Unity watch band and matching face Learn more Buy Apple Watch Series A healthy leap ahead Learn more Buy i Pad Lovable Drawable Magical Learn more Buy Mac Book Pro Supercharged by M Pro and M Max Learn more Buy Home Pod Profound sound Learn more Buy Air Pods Pro Rebuilt from the sound up Learn more Buy Apple Card Get up to Daily Cash back with every purchase Learn more Apply now Apple TV Apple Footer Trade in values will vary based on the condition,Electronics
ABC Computers Detroit Hamtramck,Electronics
Computer Store in Madison Heights,Electronics
Pointe Electronics Electronics,Electronics
Ann Taylor Women s Clothing,Fashion
U S Polo Assn Polo Shirts Casual Clothing USPA Official Site Free Shipping Orders Excludes non U S Orders U S Polo Assn Men Featured New Arrivals White Label Red White Blue Essential Shop Activewear Clothing Polo Shirts Shirts Sweaters T Shirts Thermals Jeans Pants Vests Jackets Sweatshirts Sweatpants Accessories Belts Watches Sunglasses Underwear Hats Socks Women Featured New Arrivals Sweaters Red White Blue Essential Shop Activewear Clothing Dresses Sweaters Polo Shirts T Shirts Shirts Tops Jeans Pants Sweatshirts Sweatpants Vests Jackets Accessories Handbags Wallets Belts Sunglasses Hats Watches Lounge Underwear Bras Socks Boys Accessories Handbags Shop All Crossbody Bags Backpacks Totes Accessories Wallets Belts Sunglasses Watches Socks Hats Women s Underwear Bras Underwear Bras Shop Now All Sunglasses Shop Now New Crossbodies Shop Now Clearance Men s Clearance Up to off Women s Clearance Up to off Kid s Clearance Up to off Accessories Clearance Up to off Rewards Submit Login Create Account Wishlist Close Menu Men Featured New Arrivals White Label Red W,Fashion
PRADA Czech Republic Official Website PRADA Skip to main content Skip the link Prada Czech Republic Pause Play Prada Fall Winter Womenswear Show Taking Care Discover Details from the runway Relive the show Discover SS Women s Collection Shop Women s bags Shop Men s sneakers Shop SS Men s Collection Shop Pause Play Prada Moon Bag Elements of the Prada archives arecombined and re interpreted in a new waywith an innovative padded appearance Shop Pradasphere News FW Menswear Discover Pradasphere News SS Womenswear Discover Pradasphere News FW Women Discover Pradasphere News FW Men Discover Pradasphere News SS Menswear Discover Pradasphere News Stay updated Subscribe to our newsletter to keep up to date with the Prada world error Thank you for subscribing We re sorry but your registration was not succesful Do you need help Do you need help Call us Call us Chat with our Client Service Contact us Store Locator Track your order Returns FAQ Company Company Prada Group Fondazione Prada Luna Ros,Fashion
CHANEL Official Website Fashion,Fashion
Mutual funds,Financial Services
Fidelity International Usage Agreement Fidelity International Usage Agreement You are visiting Fidelity com from outside of the United States and you must accept the International Usage Agreement before you can proceed This web site is intended to be made available only to individuals in the United States Nothing on this site shall be considered a solicitation to buy or an offer to sell a security,Financial Services
Retirement,Financial Services
Venmo Share Payments Nav Send Receive How it works Tips tricks Manage balance Direct Deposit Crypto Purchase Protection Pay with Venmo Ways to pay Pay businesses Pay in apps online Pay in stores Venmo Debit Card Venmo Credit Card Venmo for Business Ways to get paid Accept Venmo payments Accept Venmo in apps online Log in opens in a new tab Get Venmo opens in a new tab Send Receive How it works Tips tricks Manage balance Direct Deposit Crypto Purchase Protection Pay with Venmo Ways to pay Pay businesses Pay in apps online Pay in stores Venmo Debit Card Venmo Credit Card Venmo for Business Ways to get paid Accept Venmo payments Accept Venmo in apps online Resources Why Venmo Help Center opens in a new tab Our fees Blog opens in a new tab Trust safety News Press opens in a new tab Developers Company About us Jobs Accessibility Log in opens in a new tab Get Venmo opens in a new tab Fast,Financial Services
Cash App Do more with your money File for free and get your max refund with Cash App Taxes Learn more Do more with your money Send Pay and get paid instantly Spend Save on everyday spending Bank Faster,Financial Services
An Insurance Company For Your Car And More GEICO Skip to main content Español Log In Menu Access Your Policy Log In With Mobile App or Auto Motorcycle ATV Homeowners Renters Condo Mobile Home Boat PWC RV Life Umbrella Identity Protection Landlord Flood Travel Overseas Business Owners General Liability Professional Liability Workers Compensation Medical Malpractice Commercial Auto Rideshare Collector Auto Pet Jewelry Mexico Auto Earthquake Event Bicycle Log In New user Activate account Get the GEICO Mobile App Need to pay a bill,Financial Services
Largest Water Amusement Parks in Michigan Michigan s Adventure Michigan s Largest Themed Amusement Park and Water Park in Muskegon Search Search Search Cart Cart Promotions Promotion Promo Account Account Expand Park Closed Waterpark Closed View Hours Search Promo Park Closed Waterpark Closed View Hours Tickets Passes Go Back Tickets Passes Admission Season Pass Daily Tickets Group Tickets Military Tickets Upgrades More Drinks Dining Fast Lane Photo Pass Cabanas Rentals Information Pass Perk Rewards Program Payment Portal Booking Portal Season Passes On Sale Includes unlimited visits in plus free parking Places to Stay Go Back Places to Stay About the Area Preferred Hotels Pure Michigan Visit Muskegon Visit White Lake Preferred Hotels Why not stay more than a day Discover the best rates on accommodations close to the fun along with special discount ticket packages that make your entire trip even more affordable Rides Experiences Go Back Rides Experiences Attractions Things to Do Rides,Freetime
Bowling Alley Family Fun Sherman Bowling Center Muskegon,Freetime
Wengers Bowl We rack and you smack Bowling Center in Grand Rapids,Freetime
Northland Lanes Northland Lanes COVID procedures Northland Lanes Northland Lanes Northland Lanes Northland Lanes Home Leagues Hours Prices Menu Golf Simulator Kids Parties Pro Shop Contact Map More Home Leagues Hours Prices Menu Golf Simulator Kids Parties Pro Shop Contact Map Northland Lanes Northland Lanes Northland Lanes Northland Lanes Home Leagues Hours Prices Menu Golf Simulator Kids Parties Pro Shop Contact Map Welcome to Northland Lanes Welcome to Northland Lanes Welcome to Northland Lanes Welcome to Northland Lanes Call for lane availability Welcome to Northland Lanes Welcome to Northland Lanes Welcome to Northland Lanes Welcome to Northland Lanes Call for lane availability Call ahead for open bowling availability Rent A Lane Special Rant a lane for one hour Includes shoes valid for up to people Follow us on Facebook Subscribe Sign up to hear from us about specials,Freetime
Home Firekeepers Casino Hotel i CASINO SPORTS BETTING Red Hot Rewards Club Book Now Casino Games Slots Table Games Dacey s Sportsbook Poker Video Poker Keno Red Hot Rewards Promotions Promotions VIP Promotions MONEYKEEPERS VIP Executive Casino Hosts Aurora High Limit Lounge Casino Credit Hotel Rooms Suites Amenities Hotel Policies Restaurants NIBI Smoke N Fire Dacey s Sportsbook Taphouse Cafe Chi Mon ee s Gapi Coffee Sweets The Cake Shop Events Meetings Shows Weddings Meetings Events Photo Gallery Request More Info Things To Do Bars Lounges Shopping Pit Stop Fire Keepers Casino Hotel Championship Firekeepers Casino About Getting Here Bus Programs Donation Requests The Fire Hub Red Hot Careers Hot Jobs Upcoming Job Fairs Hiring Process Training Programs Benefits Our Story NHBP Casino Games Slots Table Games Dacey s Sportsbook Poker Video Poker Keno Red Hot Rewards Promotions Promotions VIP Promotions MONEYKEEPERSVIP Executive Casino Hosts Aurora High Limit Lounge Casino Credit Hotel Rooms Suites Amen,Freetime
Dave Buster s Events Arcade Sports Bar and Restaurant headline critical msg Don t show again Reservation Rewards Book Now Play Overview Arcade VR Billiards Bowling D B World Eat Drink Overview Order Online Watch Overview Parties Overview Company Kids Birthday Adult Social Team Building About History Blog Locations Shop Gift Cards Power Cards Search Reservation Menu Back Play Overview Arcade VR Billiards Bowling D B World Eat Drink Overview Order Online Watch Overview Parties Overview Company Kids Birthday Adult Social Team Building About History Blog Locations Shop Gift Cards Power Cards Rewards Book Now Make A Reservation Find Your Location Use My Location See More Locations Check your Powercard Balance Enter your Card Number Enter PIN Something went wrong Submit Account Number card last Attraction Chips attraction chips Game Chips game chips Reward Chips reward chips Video Chips video chips Tickets tickets Check Another Card GET YOUR GAME ON Maximize your play time by heading to Dav,Freetime
Chuck E Cheese Kids Birthday Parties,Freetime
Michigan s Largest Indoor Laser Tag Arena Revolution Laser Tag Arcade Home About Us Laser Tag Laser Tag Arena Members Arcade Parties Events Event Calendar Special Events Pricing Laser Tag Prices Arcade Prices Party Prices Packages Book a Party Book a Party Home Laser Tag Laser Tag Prices Parties Party Prices Packages Arcade Arcade Prices Arena Events Special Events Members About Us Contact Get Directions CONTACT Michigan s Most Advanced Laser Tag Experience Laser Tag Arcade Parties Events Arena Members Welcome to Revolution Laser Tag Arcade Revolution Laser Tag Arcade is home to the largest,Freetime
Homepage D W Fresh Market Go to main content Go to main menu image svg xml Yes Card My Store Select your store Find a store Contact Us Shop gift cards menu Which would you like View Gift Cards View TRIP Cards View Fuel Cards items in your cart Search form Enter the terms you wish to search for Sitewide search Menu Toggle navigation D W Fresh Market D W Fresh Market Weekly Ad Shop Now Shop the Fast Lane Order Groceries Shop the Fast Lane About the Fast Lane Fast Lane FAQ s Gift Cards Gift Cards Fuel Cards Trip Cards Shopping Tools Weekly Ad D W Mobile App Senior Wednesdays Save More Enjoy everyday low prices at D W Fresh Markets Special Savings Digital Coupons On Your Card yes Rewards Save with yes Join yes yes FAQs Your Account Your Rewards Available Clubs Club Progress Grocery Pharmacy Our mission is simple be the go to neighborhood grocery store that provides REAL VALUES,Groceries
Access Denied Access Denied You don t have permission to access http www meijer com failover sitedown html on this server Reference f ed cd ba,Groceries
Contact Us top of page Home Meet Bethany Brown Direct Primary Care DPC Urgent Care Walk in Pricing Membership Pricing Lab Prices Contact Us Events Blog More Use tab to navigate through the menu items Patient Portal CONTACT US Mount Garfield,Health
Walmart com Save Money Live Better Skip to Main Content Departments Services Cancel Reorder My Items Reorder Lists Registries Sign In Account Sign In Create an account Purchase History Walmart How do you want your items Walmart com Save Money Live Better Perfect for the patio Perfect for the patio Refresh your outdoor space for less Shop now Parent friendly low prices Parent friendly low prices Find what you want need for your bundle of joy Shop now Spring fashion in bloom Spring fashion in bloom New trends styles to turn heads anytime,Groceries
Home You need to enable Java Script to run this app ,Groceries
Busch s Fresh Food Market SE Michigan Grocer Select a Busch s Store To Shop Store Ann Arbor Main St Ann Arbor Plymouth Green Rd Brighton Canton Clinton Dexter Farmington Livonia Novi Pinckney Plymouth Rochester Hills Saline South Lyon Tecumseh West Bloomfield Select Cancel Log In to Busch s My Way To get started with YOUR deals and coupons,Groceries
Plum Market Home Natural Organic Local Skip to content Search for logo LOCATIONSMY REWARDSSALES FLYERTAKE AWAY CATERINGWINE EVENTSDRIVE UP DELIVERYSHIP WINE CAVIAR Search for logo LOCATIONSMY REWARDSSALES FLYERTAKE AWAY CATERINGWINE EVENTSDRIVE UP DELIVERYSHIP WINE CAVIARlogo LOCATIONSMY REWARDSSALES FLYERTAKE AWAY CATERINGWINE EVENTSDRIVE UP DELIVERYSHIP WINE CAVIAR Home Julio Lee T SHOP NOW FOR Takeaway Catering Drive Up Delivery Ship Caviar To Me Ship Wine To Me Catering Events Production Ship Wine Caviar SHOP NOW FOR Drive Up Delivery live well,Groceries
Whole Foods Market UK Skip to Content Order Online Recipes Find a Store Open Menu Close Menu Open Menu Close Menu Order Online Recipes Find a Store Order Online Recipes Find a Store Local Loving our local artisans,Groceries
Westland Dog Food The Best Place for your pets needs Landing Aisle s Pet Beds Pet Training Water Bowls Healthcare Pet Toys Treats and Bones Cat Food Dog Food Small Animal and Wild Bird Feed Manufacturers About Blog Contact Select Page The best place for your pet food needs Stop by and check us out Check out our private label dog food Our private blend pet foods provides a balance of nutrition and price More We have full line of products for your pets healthcare needs Browse our products here Click Here Check out our bulk treats Westland Dog Food has a whole selection of bulk treats for your favorite pets Click Here Call Us Hours Of Operation Sunday PM PM Monday AM PM Tuesday AM PM Wednesday AM PM Thursday AM PM Friday AM PM Saturday AM PM Westland Dog Food Check out our brick and mortar Follow Follow Follow,Pets
 Michigan Animal Hospital in Michigan,Pets
Book Appointment Patient Portal Menu Home About Us Meet the Doctors General Eye Care Products Optical Comprehensive Eye Exams Dry Eye Allergies Oasis Products Bruder Mask Vitamins Aril Doctors RX Glaucoma Treatments Diabetic Eye Disease Cataract Surgery Cataract Evaluation Cataract Surgery Day Traditional Custom Cataract Surgery Ambulatory Surgery Services Provided Patient Forms Hours Patient Services Insurances Accepted Payment Options Patient Financial Policy Patient Information Sheet Patient Medical History Questionnaire Privacy Forms Notice Of Non Discrimination Quality Of Vision Questionnaire Contact Location COVID East Michigan Eye Center is a full service Ophthalmology practice offering a variety of services treatments for individuals Eye Care needs Book Appointment Our surgery center is an AAAHC accredited and Medicare certified facility that provides friendly professional care that is unrivaled Learn More East Michigan Eye Center offers a large selection of designer frames Ch,Health
Dentists in Jackson MI The Dental Experience About Meet Our Dentists Dr Firas Belbeisi Dr Daryl Frederick Dr Anish Gupta Meet Our Team Services Preventive Dentistry Dental Cleanings Exams Oral Cancer Screenings Dental Sealants Sedation Dentistry Cosmetic Dentistry Teeth Whitening Dental Bonding Invisalign Porcelain Veneers Restorative Dentistry Dental Implants All on X Dental Implants Same Day Dental Crowns Tooth Extractions Periodontal Treatment Root Canal Therapy Dental Fillings Full Partial Dentures Emergency Dentistry Oral Surgery Wisdom Teeth Removal Tooth Extractions Dental Implants Testimonials Blog Contact Request an Appointment Online Payments Book Now We Are More Than Dentistry Request an Appointment Watch Our Video We Are Uncompromising Our dentists in Jackson,Health
Refresh Dental Hazel Park Dental Care of Michigan Skip to main content About Us Our Mission Vision Our Philosophy Our Doctors Smile with a Heart Services Emergency Services General Dentist Services Cosmetic Dentistry Restorative Dentistry Oral Cancer Screenings Payment Options Insurance and Finance Options Online Bill Pay New Patient Forms Locations Advanced Warren Dental Canton Family Dentistry Dental Care of Livonia Dental Care of Michigan St Clair Shores Dental Care of Michigan Garden City Dental Care of Michigan Hazel Park Dental Care of Michigan Montrose Oakland Family Dentistry Richmond Dental Care Shelby Dental Care The Dental Group Search Book Now Refresh Dental Hazel Park Office Hours Sunday Closed Monday am pm Tuesday am pm Wednesday am pm Thursday am pm Friday am pm Saturday Closed Questions before you make an appointment Send us a message or give us a call Fax Address John R Road Hazel Park,Health
Lake Michigan Dental Exceptional Care Since Home About Our Team About Us Our Dentists Meet our Team Services Cosmetic Services Specialty Services Preventative Services Restorative Services Resources Patient Reviews Patient Forms Payment Options Pay Online lakemident yahoo com Search Menu Menu Link to Patient Reviews This was my st visit to Lake Michigan Dental Check in was quick and easy Dan M More than ,Health
Traverse Health Clinic Community Health Center Menu Traverse Health Clinic Contact Us Search Site Call Now Patient Portal Find A Provider Meet Our Providers Primary Care Providers Behavioral Health Providers For Patients Patient Portal Connect Your Health App How to Become a Patient What to Expect New Patient Paperwork Medical Records Request Payment Options Sliding Fee Scale Community Resources No Surprises Act Care Services Primary Care Pediatrics Women s Health Translation and Interpretation Services Vaccine Clinics Behavioral Health Counseling Recovery Program Recovery Program Recovery Team COVID Enrollment Eligibility Give Now Donor Impact Stories Host A Fundraiser About Leadership Board Members Our Mission Careers Newsletters Contact Making a difference in lives of our patients for over years We offer comprehensive services that meet rigorous quality standards and we strive to make our services accessible to EVERYONE Make an impact on your community Become a donor Your support opens doors to resources that go wel,Health
Hackley Community Care West Michigan Health Services INTEGRITY RESPECT COMPASSION QUALITY Espanol Impact Lives Donate Volunteer Contact Facebook Menu Our Services View All Our Services Medical Dental OB and Women s Health Services Pharmacy School Based Health Programs Behavioral Health Patient Resources View all Patient Resources Resources Programs Patient Portal Quick Links Telehealth Community Partners Billing and Insurance About Us Know All About Us Mission Vision Our People History Year at a Glance Join Our Team How to Become a Patient News A Healthy Pregnancy Low Cost OB Services in Muskegon Access Our Dental Services Accessing Behavioral Health Services Behavioral Health Services Discontinued at Muskegon Covenant Academy Breast and Cervical Cancer Screenings in Muskegon Hackley Community Care Distributes Free Masks in Muskegon Heights Hackley Community Care Now Care Services Open at Clinton Street Hackley Community Care Offering Curbside Coronavirus Testing Hackley Community Care,Health
Advisor Financial Services of America FSA Warren top of page ABOUT USOUR TEAMCAREERSYOUR ADVISORSERVICESRetirement Planning Tax Planning Insurance Planning Financial Planning RESOURCESPodcast Blog ATTEND A SEMINARIroquois Club White Horse Inn Andiamo Fenton Cherry Creek More Use tab to navigate through the menu items Client Login Contact Us A NEW Podcast from Financial Services of America Listen Now FINANCIAL TAXES INSURANCE ESTATEWhy Choose Financial Services of America As a Financial Services of America client,Investments
Home Financial Solutions of Michigan fsmfinancial lpl com Account View Menu Home About Us Our Team Our Services Strategic Partners Strategic Partners Health Insurance Strategic Partners Legal Services Strategic Partners Personal and Business Insurance Strategic Partners Tax and Accounting Services Research Tools GWP Brochure Glossary Tax Resources Estate Insurance Investment Lifestyle Money Retirement Tax Events Contact Account View WHAT IS THE MOST IMPORTANT FOR YOUFOR YOUR FAMILYFOR YOUR EMPLOYEESOUR EYES ARE ON YOUR FINANCIAL FUTURE YOUR BEST INTEREST IS OUR ST PRIORITY YOUR PERSONAL GOALSYOUR GOALSYOUR RISK TOLERANCEOUR EYES ARE ON YOUR FINANCIAL FUTURE LIFELONG GUIDANCETHROUGH LIFE S MILESTONES TODAY AND TOMORROWOUR FOCUS REMAINS ON YOUYOUR FAMILYYOUR EMPLOYEESOUR EYES ARE ON YOUR FINANCIAL FUTURE We are committed to serving you with Integrity putting your best Interest first by providing professional Information and providing Investments that Inspire your financial goals Your Financial Future We a,Investments
Highland Pets Pet Food Supply Store Highland MI Shop Now W Highland Rd,Pets
Pet Store Locations Shop Food Supplies Near You Petco Skip to content initial State data ,Pets
Northern Michigan Veterinary Hospital Williamsburg veterinary hospital Skip to Main Content Skip to Footer Services All Services Cat Dog Care Avian Exotic Pet Care Pocket Pet Care Pet Dental Care Pet Behavior Counseling Diagnostics Surgical Procedures Pet Rehabilitation Pet Allergy Dermatology Pharmacy Pet Products Emergency Pet Care Close Hours Location About Us Our Practice Meet the Team News Articles Careers Payment Options Reviews Close Contact Contact Appointment Request Client Forms Refill Request Close Services All Services Cat Dog Care Avian Exotic Pet Care Pocket Pet Care Pet Dental Care Pet Behavior Counseling Diagnostics Surgical Procedures Pet Rehabilitation Pet Allergy Dermatology Pharmacy Pet Products Emergency Pet Care Close Hours Location About Us Our Practice Meet the Team News Articles Careers Payment Options Reviews Close Contact Contact Appointment Request Client Forms Refill Request Close Meet Our Team Make an Appointment Request a Refill Welcome to Northern Michi,Pets
Irons Animal Hospital Veterinarian in Irons,Pets
Bangor Veterinary Clinic,Pets
Professional Tax Services Accounting and Tax Preparation and Advice Traverse City,Professional Services
Hydrogen Skip to content Hydrogen Search Account Bag Hydrogen Account Bag Search Menu Boyne Country Sports,Sport
Janitorial and Commercial Cleaning Service Michigan Intraserve Detroit We re hiring See our open postions Learn more Menu See latest Coronavirus cleaning protocols Home Services About Request a quote Contact sales intraservedetroit com Emergency contact afterhours intraservedetroit com Terms and conditions Privacy Policy DETROIT S CLEANING PROFESSIONALS Detroit s best cleaning solution Let s solve your cleaning and janitorial needs today Services Quote Find your cleaning solution Transforming commercial cleaning and janitorial services in every type of facility Janitorial cleaning Nightly janitorial and cleaning services Sanitization Coronavirus Covid cleaning service uses CDC disinfectants Commercial cleaning Developing solutions backed by the latest technologies Chemical supply Full supply of cleaning chemicals and commercial cleaning products Product supply Supply of paper products including toilet paper and paper towel Quality assurance Commercial cleaning services require approva,Professional Services
Only Blade Tool Sharpening Service in Traverse City Professional Tool Menu Home About Us Services Pricing Extras Contact Us Home About Us Services Pricing Extras Contact Us Slide We are closing our Traverse City sharpening shop and will be moving some sharpening equipment to our farm in Kingsley We will only be available part time for homeowners and woodworkers sharpening Home Welcome to Professional Tool Your carbide tipped saw blade sharpening specialists We are a second generation family owned complete sharpening shop with precision sharpening machines,Professional Services
Home The Headhunters,Professional Services
Leadership Search Staff Recruitment Agency Movement About Our Method Our Focus MVMT TVServices Executive Search Direct Hire Professional Search Contract Contract to Hire Search Project Recruitment Services Our Team Testimonials Contact Jobs About Our Method Our Focus MVMT TVServices Executive Search Direct Hire Professional Search Contract Contract to Hire Search Project Recruitment Services Our Team Testimonials Contact Jobs Job Openings For Candidates Search Delivery About Us Human Search Delivery YOU NEED PEOPLE REALLY GREAT PEOPLE Most companies attempt to manage the recruitment process internally using the same resources everyone uses to find their people Access to millions of candidates is a mouse click away Still,Professional Services
Amazon com Spend less Smile more Skip to main content us Deliver to Czech Republic All Select the department you want to search in All Departments Arts Crafts Automotive Baby Beauty Personal Care Books Boys Fashion Computers Deals Digital Music Electronics Girls Fashion Health Household Home Kitchen Industrial Scientific Kindle Store Luggage Men s Fashion Movies TV Music,Shopping Online
Etsy Czech Republic Shop for handmade,Shopping Online
Mango Czech Republic Online fashion Free delivery from Kč Returns within days http staticpages mngbcn com homes IN index html Women Men Home Kids Teen FINAL SALE Up to off Woman Man Girl Boy Teen Girl Teen Boy Home Available at stores and online in the Czech Republic while stocks last Maximum discount applied to the Mango Woman collection For all other lines,Shopping Online
Dunham s Sports Website Sporting Goods Coupon Discounts Skip to main content Skip to footer content Order Now,Sport
Grand Valley Sporting Goods Hunting Store Michigan top of page HOMEABOUTMEET THE TEAMCONTACTMore Use tab to navigate through the menu items MON FRI am to pm SAT am to pm PROSHOP SERVICESHUNTING INFORMATIONARCHERYINDOOR ARCHERY RANGEARCHERY LEAGUETECHNO HUNTBOWSMATHEWS ARCHERYBOWTECH ARCHERYHOYT ARCHERYMISSION ARCHERYDIAMOND ARCHERYBEAR ARCHERYPSE ARCHERYELITE ARCHERYCROSSBOWSTENPOINT CROSSBOWRAVIN CROSSBOWMISSION CROSSBOWEXCALIBUR CROSSBOWWICKED RIDGE CROSSBOWCENTER POINTCARBON EXPRESSHORTONKILLER INSTINCTBARNETTGUNSFISHINGMore Use tab to navigate through the menu items PHONE GEAR UP FOR YOUR NEXT HUNTING TRIP OR OUTDOOR ADVENTUREGRAND VALLEY SPORTING GOODSLEARN MORECONTACT USMathews Archery PSE Archery Bear Archery Mathews Archery BOWSWe carry a broad selection of traditional and compound bows and accessories for target archers and bowhunters of all experience levels Our brands include Mathews,Sport
Magnum Sports Store Magnum Sports Skip to content Magnum Sports Departments Archery Camping Gun Store Fishing Harvest Right Hunting Magnum Gear Online Store Clearance Contact Gun Range Services Classes Events Menu Magnum Sports Departments Archery Camping Gun Store Fishing Harvest Right Hunting Magnum Gear Online Store Clearance Contact Gun Range Services Classes Events ONLINE STORE Facebook f Instagram Youtube Tiktok Magnum Sports Located in Greenville,Sport
Skips Sport Shop Your Outdoor Adventure Starts Here Skip to content Menu Home Blog Contact Us Orange Coat Roundup Kayaks Trophy Room Your Outdoor Adventure Starts Here Skip s Sport Shop Where Experience Counts W M Grayling,Sport
Home Breakaway Bicycles Navigation hide show Accessories Apparel Car Racks Components Trainers View All Bicycles Road Mountain Kids Town Path BMXCloseouts Speciality Trikes Project One View All Closeouts Fitness Treadmills Ellipticals Exercise Bikes Indoor Cycles Why Breakaway Trainers View All Locations Trails,Sport
Rental Cars at Low,Travel
Hostelworld Explore the world s best hostels Sign In Create Account English CZK List your property Menu ,Travel
Alert System Unavailable Delta Air Lines Skip to main content Travel Planning Center Safer Travel Airline Partners Baggage Check in Security Delta Sky Club Airport Maps Locations Flight Deals Flight Schedules Destinations Onboard Experience Sky Miles Cruises Aircraft Delta Vacations Rent A Car Shop Hotels In Flight Wi Fi Trip Protection How to Earn Miles How to Use Miles Buy or Transfer Miles Travel with Miles Sky Miles Partners Offers Sky Miles Award Deals Sky Miles Credit Cards Sky Miles Airline Partners Sky Miles Program Overview How to Get Medallion Status Benefits at Each Tier News Updates Help Center Travel Planning FAQs Receipts Certificates e Credits Accessible Travel Services Child Infant Travel Pet Travel Special Circumstances Sky Miles Help Mobile BOOK You are here Activate form mode and then use up or down arrow keys to navigate through the submenus Breadcrumb Navigation Landmark Menu Home System Unavailable ALERT SYSTEM UNAVAILABLE We re sorry but this service is not available at,Travel
Days Inn Hotels Book Hotel Rooms,Travel
Himelhoch Bed Breakfast Rated Historic Victorian B B Near Frankenmuth,Travel
Harbor House Inn S Harbor Drive,Travel
Muskegon Hotel Closest to Lake Michigan The Pidge Inn Skip to main content Reservations Arrival mm dd yyyy Departure mm dd yyyy Guests Fulton Avenue Muskegon,Travel
